id,item_original,estrutura,fonte,pagina,grupo,escopo,status,z_evidencia,bp_evidencia,observacao,validacao_visual,plano_modelo_proprio
1,1,Localização do coração in situ,roteiro,1,"Organização, revestimentos e anatomia externa",principal,parcial_ou_a_conferir,Right atrium; Right ventricle; Left atrium; Left ventricle,,"Conferir posição com esterno, diafragma, pulmões e mediastino no modelo corporal.",nao_concluida_individualmente,Delimitar ou segmentar a geometria existente e conferir com as figuras docentes.
2,2,Relações de sintopia do coração,roteiro,1,"Organização, revestimentos e anatomia externa",principal,parcial_ou_a_conferir,Right atrium; Right ventricle; Left atrium; Left ventricle,,Sintopia requer a cena torácica; o coração isolado não demonstra todas as relações.,nao_concluida_individualmente,Delimitar ou segmentar a geometria existente e conferir com as figuras docentes.
3,3,Pericárdio fibroso,roteiro,1,"Organização, revestimentos e anatomia externa",principal,nao_localizado,,,Pericardium/Pericardial sac são coleções vazias; não há saco fibroso reconhecido no inventário.,nao_concluida_individualmente,"Modelar saco, reflexões e/ou fixações com várias vistas; slides 51–58 e fonte adicional para relações ocultas."
4a,4,Pericárdio seroso: lâmina parietal,roteiro,1,"Organização, revestimentos e anatomia externa",principal,nao_localizado,,,Serous pericardium é coleção vazia; lâmina parietal não localizada.,nao_concluida_individualmente,"Modelar saco, reflexões e/ou fixações com várias vistas; slides 51–58 e fonte adicional para relações ocultas."
4b,4,Pericárdio seroso: lâmina visceral (epicárdio),roteiro,1,"Organização, revestimentos e anatomia externa",principal,parcial_ou_a_conferir,Right atrium; Right ventricle; Left atrium; Left ventricle,,Superfície externa disponível; lâmina visceral não tem geometria individualizada.,nao_concluida_individualmente,Delimitar ou segmentar a geometria existente e conferir com as figuras docentes.
5a,5,Miocárdio dos átrios e VD: camada profunda,roteiro,1,"Organização, revestimentos e anatomia externa",principal,nao_localizado,,,Paredes miocárdicas gerais existem; a camada e sua orientação de fibras exigidas no roteiro não estão representadas.,nao_concluida_individualmente,Criar esquema de camadas/fibras separado; figuras 23–24 não determinam geometria volumétrica realista.
5b,5,Miocárdio dos átrios e VD: camada superficial,roteiro,1,"Organização, revestimentos e anatomia externa",principal,nao_localizado,,,Paredes miocárdicas gerais existem; a camada e sua orientação de fibras exigidas no roteiro não estão representadas.,nao_concluida_individualmente,Criar esquema de camadas/fibras separado; figuras 23–24 não determinam geometria volumétrica realista.
5c,5,Miocárdio do VE: camada profunda,roteiro,1,"Organização, revestimentos e anatomia externa",principal,nao_localizado,,,Paredes miocárdicas gerais existem; a camada e sua orientação de fibras exigidas no roteiro não estão representadas.,nao_concluida_individualmente,Criar esquema de camadas/fibras separado; figuras 23–24 não determinam geometria volumétrica realista.
5d,5,Miocárdio do VE: camada média,roteiro,1,"Organização, revestimentos e anatomia externa",principal,nao_localizado,,,Paredes miocárdicas gerais existem; a camada e sua orientação de fibras exigidas no roteiro não estão representadas.,nao_concluida_individualmente,Criar esquema de camadas/fibras separado; figuras 23–24 não determinam geometria volumétrica realista.
5e,5,Miocárdio do VE: camada superficial,roteiro,1,"Organização, revestimentos e anatomia externa",principal,nao_localizado,,,Paredes miocárdicas gerais existem; a camada e sua orientação de fibras exigidas no roteiro não estão representadas.,nao_concluida_individualmente,Criar esquema de camadas/fibras separado; figuras 23–24 não determinam geometria volumétrica realista.
6,6,Endocárdio,roteiro,1,"Organização, revestimentos e anatomia externa",principal,parcial_ou_a_conferir,Right atrium; Right ventricle; Left atrium; Left ventricle,,Superfícies internas disponíveis; revestimento endocárdico não está separado.,nao_concluida_individualmente,Delimitar ou segmentar a geometria existente e conferir com as figuras docentes.
7,7,Face esternocostal,roteiro,1,"Organização, revestimentos e anatomia externa",principal,parcial_ou_a_conferir,Right ventricle; Left ventricle,,Face reconhecível no conjunto; falta delimitar e conferir a seleção.,nao_concluida_individualmente,Delimitar ou segmentar a geometria existente e conferir com as figuras docentes.
8,8,Face diafragmática,roteiro,1,"Organização, revestimentos e anatomia externa",principal,parcial_ou_a_conferir,Right ventricle; Left ventricle,,Face reconhecível no conjunto; falta delimitar e conferir a seleção.,nao_concluida_individualmente,Delimitar ou segmentar a geometria existente e conferir com as figuras docentes.
9,9,Face pulmonar direita,roteiro,1,"Organização, revestimentos e anatomia externa",principal,parcial_ou_a_conferir,Right atrium,,Face depende de delimitação na parede atrial.,nao_concluida_individualmente,Delimitar ou segmentar a geometria existente e conferir com as figuras docentes.
10,10,Face pulmonar esquerda,roteiro,1,"Organização, revestimentos e anatomia externa",principal,parcial_ou_a_conferir,Left ventricle; Left atrium,,Face depende de delimitação na superfície.,nao_concluida_individualmente,Delimitar ou segmentar a geometria existente e conferir com as figuras docentes.
11,11,Margem direita,roteiro,1,"Organização, revestimentos e anatomia externa",principal,parcial_ou_a_conferir,Right atrium,,"Margem é um marco de superfície, não um órgão separado.",nao_concluida_individualmente,Delimitar ou segmentar a geometria existente e conferir com as figuras docentes.
12,12,Margem esquerda,roteiro,1,"Organização, revestimentos e anatomia externa",principal,parcial_ou_a_conferir,Left ventricle,,"Margem é um marco de superfície, não um órgão separado.",nao_concluida_individualmente,Delimitar ou segmentar a geometria existente e conferir com as figuras docentes.
13,13,Margem inferior,roteiro,1,"Organização, revestimentos e anatomia externa",principal,parcial_ou_a_conferir,Right ventricle; Left ventricle,,"Margem é um marco de superfície, não um órgão separado.",nao_concluida_individualmente,Delimitar ou segmentar a geometria existente e conferir com as figuras docentes.
14,14,Base do coração,roteiro,1,"Organização, revestimentos e anatomia externa",principal,parcial_ou_a_conferir,Left atrium; Right atrium,,Base identificável pela orientação; necessita marcação conferida.,nao_concluida_individualmente,Delimitar ou segmentar a geometria existente e conferir com as figuras docentes.
15,15,Ápice do coração,roteiro,1,"Organização, revestimentos e anatomia externa",principal,parcial_ou_a_conferir,Left ventricle,,Ápice identificável; necessita marcação conferida.,nao_concluida_individualmente,Delimitar ou segmentar a geometria existente e conferir com as figuras docentes.
16,16,Átrio direito,roteiro,1,"Organização, revestimentos e anatomia externa",principal,geometria_disponivel,Right atrium,FMA9457,,nao_concluida_individualmente,"Reaproveitar, conferir forma/posição e traduzir a identificação."
17,17,Aurícula direita,roteiro,1,"Organização, revestimentos e anatomia externa",principal,parcial_ou_a_conferir,Right atrium,,Aurícula incorporada à parede do átrio; falta conferir e segmentar o limite.,nao_concluida_individualmente,Delimitar ou segmentar a geometria existente e conferir com as figuras docentes.
18,18,Átrio esquerdo,roteiro,1,"Organização, revestimentos e anatomia externa",principal,geometria_disponivel,Left atrium,FMA9531,,nao_concluida_individualmente,"Reaproveitar, conferir forma/posição e traduzir a identificação."
19,19,Aurícula esquerda,roteiro,1,"Organização, revestimentos e anatomia externa",principal,parcial_ou_a_conferir,Left atrium,,Aurícula incorporada à parede do átrio; falta conferir e segmentar o limite.,nao_concluida_individualmente,Delimitar ou segmentar a geometria existente e conferir com as figuras docentes.
20,20,Ventrículo direito,roteiro,1,"Organização, revestimentos e anatomia externa",principal,geometria_disponivel,Right ventricle,FMA9291,,nao_concluida_individualmente,"Reaproveitar, conferir forma/posição e traduzir a identificação."
21,21,Ventrículo esquerdo,roteiro,1,"Organização, revestimentos e anatomia externa",principal,geometria_disponivel,Left ventricle,FMA9466,,nao_concluida_individualmente,"Reaproveitar, conferir forma/posição e traduzir a identificação."
22,22,Septo interatrial,roteiro,1,"Organização, revestimentos e anatomia externa",principal,parcial_ou_a_conferir,Right atrium; Left atrium,,Septo depende da parede compartilhada; catálogo tem apenas referência.,nao_concluida_individualmente,Delimitar ou segmentar a geometria existente e conferir com as figuras docentes.
23,23,Septo interventricular,roteiro,1,"Organização, revestimentos e anatomia externa",principal,parcial_ou_a_conferir,Right ventricle; Left ventricle,,Parede septal incorporada; falta delimitar e verificar espessura/porções.,nao_concluida_individualmente,Delimitar ou segmentar a geometria existente e conferir com as figuras docentes.
24,24,Septo atrioventricular,roteiro,1,"Organização, revestimentos e anatomia externa",principal,parcial_ou_a_conferir,Right atrium; Left ventricle,,Região de junção necessita identificação dirigida; sem geometria própria.,nao_concluida_individualmente,Delimitar ou segmentar a geometria existente e conferir com as figuras docentes.
25,25,Sulco interatrial,roteiro,1,"Organização, revestimentos e anatomia externa",principal,parcial_ou_a_conferir,Right atrium; Left atrium,,Sulco precisa ser verificado na união das paredes atriais.,nao_concluida_individualmente,Delimitar ou segmentar a geometria existente e conferir com as figuras docentes.
26,26,Sulco interventricular anterior,roteiro,1,"Organização, revestimentos e anatomia externa",principal,parcial_ou_a_conferir,Right ventricle; Left ventricle,,Referência do sulco existe; falta validação de marcação na superfície.,nao_concluida_individualmente,Delimitar ou segmentar a geometria existente e conferir com as figuras docentes.
27,27,Sulco interventricular posterior,roteiro,1,"Organização, revestimentos e anatomia externa",principal,parcial_ou_a_conferir,Right ventricle; Left ventricle,,Referência do sulco existe; falta validação de marcação na superfície.,nao_concluida_individualmente,Delimitar ou segmentar a geometria existente e conferir com as figuras docentes.
28,28,Sulco coronário,roteiro,1,"Organização, revestimentos e anatomia externa",principal,parcial_ou_a_conferir,Right atrium; Right ventricle; Left atrium; Left ventricle,,Referência do sulco existe; falta validação de marcação na superfície.,nao_concluida_individualmente,Delimitar ou segmentar a geometria existente e conferir com as figuras docentes.
29,29,Cruz do coração (crux cordis),roteiro,1,"Organização, revestimentos e anatomia externa",principal,parcial_ou_a_conferir,Right atrium; Right ventricle; Left atrium; Left ventricle,,Interseção dos sulcos precisa de inspeção posterior e marcação.,nao_concluida_individualmente,Delimitar ou segmentar a geometria existente e conferir com as figuras docentes.
30a,30,Veia cava superior,roteiro,1,"Organização, revestimentos e anatomia externa",principal,geometria_disponivel,Superior vena cava,FMA4720,,nao_concluida_individualmente,"Reaproveitar, conferir forma/posição e traduzir a identificação."
30b,30,Veia cava inferior,roteiro,1,"Organização, revestimentos e anatomia externa",principal,geometria_disponivel,,FMA10951,,nao_concluida_individualmente,"Reaproveitar, conferir forma/posição e traduzir a identificação."
30c,30,Tronco pulmonar,roteiro,1,"Organização, revestimentos e anatomia externa",principal,geometria_disponivel,Pulmonary trunk,FMA8612,,nao_concluida_individualmente,"Reaproveitar, conferir forma/posição e traduzir a identificação."
30d,30,Artéria pulmonar direita,roteiro,2,"Organização, revestimentos e anatomia externa",principal,geometria_disponivel,Right pulmonary artery,FMA50872,,nao_concluida_individualmente,"Reaproveitar, conferir forma/posição e traduzir a identificação."
30e,30,Artéria pulmonar esquerda,roteiro,2,"Organização, revestimentos e anatomia externa",principal,geometria_disponivel,Left pulmonary artery,FMA50873,,nao_concluida_individualmente,"Reaproveitar, conferir forma/posição e traduzir a identificação."
30f,30,Veia pulmonar esquerda superior,roteiro,2,"Organização, revestimentos e anatomia externa",principal,geometria_disponivel,Left superior pulmonary vein,FMA49916,,nao_concluida_individualmente,"Reaproveitar, conferir forma/posição e traduzir a identificação."
30g,30,Veia pulmonar esquerda inferior,roteiro,2,"Organização, revestimentos e anatomia externa",principal,geometria_disponivel,Left inferior pulmonary vein,FMA49913,,nao_concluida_individualmente,"Reaproveitar, conferir forma/posição e traduzir a identificação."
30h,30,Veia pulmonar direita superior,roteiro,2,"Organização, revestimentos e anatomia externa",principal,geometria_disponivel,Right superior pulmonary vein,FMA49914,,nao_concluida_individualmente,"Reaproveitar, conferir forma/posição e traduzir a identificação."
30j,30,Artéria aorta,roteiro,2,"Organização, revestimentos e anatomia externa",principal,geometria_disponivel,Ascending aorta; Thoracic aorta; Abdominal aorta,FMA3736; FMA3768; FMA87217; FMA3789,,nao_concluida_individualmente,"Reaproveitar, conferir forma/posição e traduzir a identificação."
30k,30,Seio coronário,roteiro,2,"Organização, revestimentos e anatomia externa",principal,geometria_disponivel,Coronary sinus,FMA4706,,nao_concluida_individualmente,"Reaproveitar, conferir forma/posição e traduzir a identificação."
31,31,Ligamento arterial,roteiro,2,"Organização, revestimentos e anatomia externa",principal,nao_localizado,,,"Foi encontrado um linfonodo do ligamento arterial, que não equivale ao ligamento.",nao_concluida_individualmente,"Buscar referência dirigida; construir apenas quando forma, percurso e relações estiverem sustentados."
32,32,Óstio da veia cava superior,roteiro,2,Átrio direito,principal,parcial_ou_a_conferir,Right atrium,,Abertura na parede/tubo disponível; borda não individualizada.,nao_concluida_individualmente,Delimitar ou segmentar a geometria existente e conferir com as figuras docentes.
33,33,Óstio da veia cava inferior,roteiro,2,Átrio direito,principal,parcial_ou_a_conferir,Right atrium,,Abertura na parede/tubo disponível; borda não individualizada.,nao_concluida_individualmente,Delimitar ou segmentar a geometria existente e conferir com as figuras docentes.
34,34,Óstio do seio coronário,roteiro,2,Átrio direito,principal,parcial_ou_a_conferir,Right atrium; Coronary sinus,,Continuidade da veia com o átrio precisa ser conferida; não basta a veia existir.,nao_concluida_individualmente,Delimitar ou segmentar a geometria existente e conferir com as figuras docentes.
35,35,Válvula da veia cava inferior (Eustáquio),roteiro,2,Átrio direito,principal,nao_localizado,,,Válvula de Eustáquio não localizada como geometria nem reconhecida no corte amostrado.,nao_concluida_individualmente,"Buscar referência dirigida; construir apenas quando forma, percurso e relações estiverem sustentados."
36,36,Válvula do seio coronário (Thebesius),roteiro,2,Átrio direito,principal,nao_localizado,,,Válvula de Thebesius não localizada como geometria.,nao_concluida_individualmente,"Buscar referência dirigida; construir apenas quando forma, percurso e relações estiverem sustentados."
37,37,Parte posterior lisa do átrio direito,roteiro,2,Átrio direito,principal,parcial_ou_a_conferir,Right atrium,,Parede lisa disponível; limite com a região pectínea não confirmado.,nao_concluida_individualmente,Delimitar ou segmentar a geometria existente e conferir com as figuras docentes.
38,38,Músculos pectíneos do átrio direito,roteiro,2,Átrio direito,principal,nao_localizado,,,Paredes atriais muito simplificadas; musculatura pectínea não confirmada.,nao_concluida_individualmente,"Buscar referência dirigida; construir apenas quando forma, percurso e relações estiverem sustentados."
39,39,Crista terminal,roteiro,2,Átrio direito,principal,nao_localizado,,,"Crista terminal tem descrição, sem objeto anatômico correspondente localizado.",nao_concluida_individualmente,"Buscar referência dirigida; construir apenas quando forma, percurso e relações estiverem sustentados."
40,40,Sulco terminal,roteiro,2,Átrio direito,principal,nao_localizado,,,"Sulco terminal tem descrição, sem objeto anatômico correspondente localizado.",nao_concluida_individualmente,"Buscar referência dirigida; construir apenas quando forma, percurso e relações estiverem sustentados."
41,41,Fossa oval,roteiro,2,Átrio direito,principal,parcial_ou_a_conferir,Right atrium,,Possível região septal; a fossa não foi confirmada na amostra de corte.,nao_concluida_individualmente,Delimitar ou segmentar a geometria existente e conferir com as figuras docentes.
42,42,Limbo da fossa oval,roteiro,2,Átrio direito,principal,nao_localizado,,,Limbo da fossa oval não localizado.,nao_concluida_individualmente,"Buscar referência dirigida; construir apenas quando forma, percurso e relações estiverem sustentados."
43,43,Cone arterial (infundíbulo do VD),roteiro,2,Ventrículo direito,principal,parcial_ou_a_conferir,Right ventricle,,Trato de saída presente na casca; necessita delimitação e inspeção interna.,nao_concluida_individualmente,Delimitar ou segmentar a geometria existente e conferir com as figuras docentes.
44,44,Crista supraventricular,roteiro,2,Ventrículo direito,principal,nao_localizado,,,Crista supraventricular não localizada como relevo confirmado.,nao_concluida_individualmente,"Buscar referência dirigida; construir apenas quando forma, percurso e relações estiverem sustentados."
45,45,Óstio atrioventricular direito,roteiro,2,Ventrículo direito,principal,parcial_ou_a_conferir,Right atrium; Right ventricle,,Anel/abertura requer isolamento e conferência do limite.,nao_concluida_individualmente,Delimitar ou segmentar a geometria existente e conferir com as figuras docentes.
46a,46,Valva tricúspide: válvula anterior,roteiro,2,Ventrículo direito,principal,geometria_disponivel,,FMA7238,,nao_concluida_individualmente,"Reaproveitar, conferir forma/posição e traduzir a identificação."
46b,46,Valva tricúspide: válvula posterior,roteiro,2,Ventrículo direito,principal,geometria_disponivel,Inferior leaflet of right atrioventricular valve,FMA7239,Equivalência terminológica inferior/posterior ou inferolateral/póstero-lateral precisa permanecer documentada.,nao_concluida_individualmente,"Reaproveitar, conferir forma/posição e traduzir a identificação."
46c,46,Valva tricúspide: válvula septal,roteiro,2,Ventrículo direito,principal,geometria_disponivel,Septal leaflet of right atrioventricular valve,FMA7240,,nao_concluida_individualmente,"Reaproveitar, conferir forma/posição e traduzir a identificação."
47,47,Músculo papilar anterior do VD,roteiro,2,Ventrículo direito,principal,geometria_disponivel,Anterior papillary muscle of right ventricle,FMA7260,,nao_concluida_individualmente,"Reaproveitar, conferir forma/posição e traduzir a identificação."
48,48,Músculo papilar posterior do VD,roteiro,2,Ventrículo direito,principal,geometria_disponivel,Inferior papillary muscle of right ventricle,FMA7261,Equivalência terminológica inferior/posterior ou inferolateral/póstero-lateral precisa permanecer documentada.,nao_concluida_individualmente,"Reaproveitar, conferir forma/posição e traduzir a identificação."
49,49,Músculo papilar septal do VD,roteiro,2,Ventrículo direito,principal,geometria_disponivel,Septal papillary muscle of right ventricle,FMA7262,,nao_concluida_individualmente,"Reaproveitar, conferir forma/posição e traduzir a identificação."
50,50,Trabécula septomarginal,roteiro,2,Ventrículo direito,principal,nao_localizado,,,Septomarginal trabecula é coleção vazia; não há banda confirmada entre septo e músculo papilar.,nao_concluida_individualmente,Criar esquema de camadas/fibras separado; figuras 23–24 não determinam geometria volumétrica realista.
51,51,Cordas tendíneas do VD,roteiro,2,Ventrículo direito,principal,parcial_ou_a_conferir,Inferior leaflet of right atrioventricular valve; Septal leaflet of right atrioventricular valve,,"Cordas visíveis, incorporadas aos folhetos. Confirmar a distribuição em cada músculo papilar.",nao_concluida_individualmente,Delimitar ou segmentar a geometria existente e conferir com as figuras docentes.
52,52,Trabéculas cárneas do VD,roteiro,2,Ventrículo direito,principal,nao_localizado,,,"Corte de inspeção mostra parede simplificada, sem rede de trabéculas confirmada.",nao_concluida_individualmente,Criar esquema de camadas/fibras separado; figuras 23–24 não determinam geometria volumétrica realista.
53a,53,Valva pulmonar: válvula semilunar anterior,roteiro,2,Ventrículo direito,principal,geometria_disponivel,Anterior semilunar leaflet of pulmonary valve,,Nomes posicionais das cúspides no BodyParts3D diferem do roteiro. Foi priorizada a identificação explícita do Z-Anatomy; conferir orientação antes da integração.,nao_concluida_individualmente,"Reaproveitar, conferir forma/posição e traduzir a identificação."
53b,53,Valva pulmonar: válvula semilunar direita,roteiro,2,Ventrículo direito,principal,geometria_disponivel,Right semilunar leaflet of pulmonary valve,,Nomes posicionais das cúspides no BodyParts3D diferem do roteiro. Foi priorizada a identificação explícita do Z-Anatomy; conferir orientação antes da integração.,nao_concluida_individualmente,"Reaproveitar, conferir forma/posição e traduzir a identificação."
53c,53,Valva pulmonar: válvula semilunar esquerda,roteiro,2,Ventrículo direito,principal,geometria_disponivel,Left semilunar leaflet of pulmonary valve,,Nomes posicionais das cúspides no BodyParts3D diferem do roteiro. Foi priorizada a identificação explícita do Z-Anatomy; conferir orientação antes da integração.,nao_concluida_individualmente,"Reaproveitar, conferir forma/posição e traduzir a identificação."
54a,54,Óstio da veia pulmonar direita superior,roteiro,2,Átrio esquerdo,principal,parcial_ou_a_conferir,Left atrium; Right superior pulmonary vein,,Abertura exige conferir a união da veia com a parede do AE.,nao_concluida_individualmente,Delimitar ou segmentar a geometria existente e conferir com as figuras docentes.
54b,54,Óstio da veia pulmonar direita inferior,roteiro,2,Átrio esquerdo,principal,parcial_ou_a_conferir,Left atrium; Right inferior pulmonary vein,,Abertura exige conferir a união da veia com a parede do AE.,nao_concluida_individualmente,Delimitar ou segmentar a geometria existente e conferir com as figuras docentes.
54c,54,Óstio da veia pulmonar esquerda superior,roteiro,2,Átrio esquerdo,principal,parcial_ou_a_conferir,Left atrium; Left superior pulmonary vein,,Abertura exige conferir a união da veia com a parede do AE.,nao_concluida_individualmente,Delimitar ou segmentar a geometria existente e conferir com as figuras docentes.
54d,54,Óstio da veia pulmonar esquerda inferior,roteiro,2,Átrio esquerdo,principal,parcial_ou_a_conferir,Left atrium; Left inferior pulmonary vein,,Abertura exige conferir a união da veia com a parede do AE.,nao_concluida_individualmente,Delimitar ou segmentar a geometria existente e conferir com as figuras docentes.
55,55,Assoalho do forame oval (vista do AE),roteiro,2,Átrio esquerdo,principal,parcial_ou_a_conferir,Left atrium,,Região septal disponível; assoalho do forame oval não individualizado.,nao_concluida_individualmente,Delimitar ou segmentar a geometria existente e conferir com as figuras docentes.
56,56,Válvula do forame oval,roteiro,2,Átrio esquerdo,principal,nao_localizado,,,Válvula do forame oval não localizada.,nao_concluida_individualmente,Criar esquema de camadas/fibras separado; figuras 23–24 não determinam geometria volumétrica realista.
57,57,Óstio atrioventricular esquerdo,roteiro,3,Ventrículo esquerdo,principal,parcial_ou_a_conferir,Left atrium; Left ventricle,,Anel/abertura requer isolamento e conferência do limite.,nao_concluida_individualmente,Delimitar ou segmentar a geometria existente e conferir com as figuras docentes.
58a,58,Valva mitral: válvula anterior,roteiro,3,Ventrículo esquerdo,principal,geometria_disponivel,,FMA7242,,nao_concluida_individualmente,"Reaproveitar, conferir forma/posição e traduzir a identificação."
58b,58,Valva mitral: válvula posterior,roteiro,3,Ventrículo esquerdo,principal,geometria_disponivel,Posterior leaflet of left atrioventricular valve,FMA7243,,nao_concluida_individualmente,"Reaproveitar, conferir forma/posição e traduzir a identificação."
59,59,Músculo papilar anterior do VE,roteiro,3,Ventrículo esquerdo,principal,parcial_ou_a_conferir,,FMA7265,BodyParts3D FMA7265 representa uma cabeça anterolateral; equivalência com o músculo anterior completo precisa de revisão.,nao_concluida_individualmente,Delimitar ou segmentar a geometria existente e conferir com as figuras docentes.
60,60,Músculo papilar posterior do VE,roteiro,3,Ventrículo esquerdo,principal,geometria_disponivel,Inferior papillary muscle of left ventricle,,Equivalência terminológica inferior/posterior ou inferolateral/póstero-lateral precisa permanecer documentada.,nao_concluida_individualmente,"Reaproveitar, conferir forma/posição e traduzir a identificação."
61,61,Cordas tendíneas do VE,roteiro,3,Ventrículo esquerdo,principal,parcial_ou_a_conferir,Posterior leaflet of left atrioventricular valve,,"Cordas visíveis, incorporadas ao folheto. Conferir todas as inserções.",nao_concluida_individualmente,Delimitar ou segmentar a geometria existente e conferir com as figuras docentes.
62,62,Trabéculas cárneas do VE,roteiro,3,Ventrículo esquerdo,principal,nao_localizado,,,"Corte de inspeção mostra parede simplificada, sem rede de trabéculas confirmada.",nao_concluida_individualmente,"Buscar referência dirigida; construir apenas quando forma, percurso e relações estiverem sustentados."
63a,63,Valva aórtica: válvula semilunar direita,roteiro,3,Ventrículo esquerdo,principal,geometria_disponivel,Right coronary leaflet,,Nomes posicionais das cúspides no BodyParts3D diferem do roteiro. Foi priorizada a identificação explícita do Z-Anatomy; conferir orientação antes da integração.,nao_concluida_individualmente,"Reaproveitar, conferir forma/posição e traduzir a identificação."
63b,63,Valva aórtica: válvula semilunar esquerda,roteiro,3,Ventrículo esquerdo,principal,geometria_disponivel,Left coronary leaflet,,Nomes posicionais das cúspides no BodyParts3D diferem do roteiro. Foi priorizada a identificação explícita do Z-Anatomy; conferir orientação antes da integração.,nao_concluida_individualmente,"Reaproveitar, conferir forma/posição e traduzir a identificação."
63c,63,Valva aórtica: válvula semilunar posterior,roteiro,3,Ventrículo esquerdo,principal,geometria_disponivel,Non-coronary leaflet,,Nomes posicionais das cúspides no BodyParts3D diferem do roteiro. Foi priorizada a identificação explícita do Z-Anatomy; conferir orientação antes da integração.,nao_concluida_individualmente,"Reaproveitar, conferir forma/posição e traduzir a identificação."
64,64,Anel fibroso direito,roteiro,3,Esqueleto fibroso,principal,nao_localizado,,,Fibrous skeleton of heart é coleção vazia; anéis e trígonos não possuem representação correspondente localizada.,nao_concluida_individualmente,Construir o esqueleto fibroso com orientação das valvas; conferir relações nos slides 47–48 e referência adicional.
65,65,Anel fibroso esquerdo,roteiro,3,Esqueleto fibroso,principal,nao_localizado,,,Fibrous skeleton of heart é coleção vazia; anéis e trígonos não possuem representação correspondente localizada.,nao_concluida_individualmente,Construir o esqueleto fibroso com orientação das valvas; conferir relações nos slides 47–48 e referência adicional.
66,66,Anel fibroso da valva pulmonar,roteiro,3,Esqueleto fibroso,principal,nao_localizado,,,Fibrous skeleton of heart é coleção vazia; anéis e trígonos não possuem representação correspondente localizada.,nao_concluida_individualmente,Construir o esqueleto fibroso com orientação das valvas; conferir relações nos slides 47–48 e referência adicional.
67,67,Anel fibroso da valva aórtica,roteiro,3,Esqueleto fibroso,principal,nao_localizado,,,Fibrous skeleton of heart é coleção vazia; anéis e trígonos não possuem representação correspondente localizada.,nao_concluida_individualmente,Construir o esqueleto fibroso com orientação das valvas; conferir relações nos slides 47–48 e referência adicional.
68,68,Trígono fibroso direito,roteiro,3,Esqueleto fibroso,principal,nao_localizado,,,Fibrous skeleton of heart é coleção vazia; anéis e trígonos não possuem representação correspondente localizada.,nao_concluida_individualmente,Construir o esqueleto fibroso com orientação das valvas; conferir relações nos slides 47–48 e referência adicional.
69,69,Trígono fibroso esquerdo,roteiro,3,Esqueleto fibroso,principal,nao_localizado,,,Fibrous skeleton of heart é coleção vazia; anéis e trígonos não possuem representação correspondente localizada.,nao_concluida_individualmente,Construir o esqueleto fibroso com orientação das valvas; conferir relações nos slides 47–48 e referência adicional.
70,70,Ligamento esternopericárdico superior,roteiro,3,Ligamentos e seios pericárdicos,principal,nao_localizado,,,Ligamento pericárdico não localizado; Sternopericardial ligaments é coleção vazia.,nao_concluida_individualmente,"Modelar saco, reflexões e/ou fixações com várias vistas; slides 51–58 e fonte adicional para relações ocultas."
71,71,Ligamento esternopericárdico inferior,roteiro,3,Ligamentos e seios pericárdicos,principal,nao_localizado,,,Ligamento pericárdico não localizado; Sternopericardial ligaments é coleção vazia.,nao_concluida_individualmente,"Modelar saco, reflexões e/ou fixações com várias vistas; slides 51–58 e fonte adicional para relações ocultas."
72,72,Ligamento pericardicofrênico,roteiro,3,Ligamentos e seios pericárdicos,principal,nao_localizado,,,Ligamento pericárdico não localizado; Sternopericardial ligaments é coleção vazia.,nao_concluida_individualmente,"Modelar saco, reflexões e/ou fixações com várias vistas; slides 51–58 e fonte adicional para relações ocultas."
73,73,Ligamento vertebropericárdico,roteiro,3,Ligamentos e seios pericárdicos,principal,nao_localizado,,,Ligamento pericárdico não localizado; Sternopericardial ligaments é coleção vazia.,nao_concluida_individualmente,"Modelar saco, reflexões e/ou fixações com várias vistas; slides 51–58 e fonte adicional para relações ocultas."
74,74,Seio transverso do pericárdio,roteiro,3,Ligamentos e seios pericárdicos,principal,nao_localizado,,,"Sem reflexões pericárdicas representadas, o espaço transverso não fica delimitado.",nao_concluida_individualmente,"Modelar saco, reflexões e/ou fixações com várias vistas; slides 51–58 e fonte adicional para relações ocultas."
75,75,Seio oblíquo do pericárdio,roteiro,3,Ligamentos e seios pericárdicos,principal,nao_localizado,,,"Sem reflexões pericárdicas representadas, o fundo de saco oblíquo não fica delimitado.",nao_concluida_individualmente,"Modelar saco, reflexões e/ou fixações com várias vistas; slides 51–58 e fonte adicional para relações ocultas."
76,76,Parte ascendente da aorta,roteiro,3,Aorta e grandes ramos,principal,geometria_disponivel,Ascending aorta,FMA3736,,nao_concluida_individualmente,"Reaproveitar, conferir forma/posição e traduzir a identificação."
77,77,Seio da aorta direito,roteiro,3,Aorta e grandes ramos,principal,parcial_ou_a_conferir,Ascending aorta,,Base da aorta disponível; dilatação correspondente ao seio não individualizada.,nao_concluida_individualmente,Delimitar ou segmentar a geometria existente e conferir com as figuras docentes.
78,78,Seio da aorta esquerdo,roteiro,3,Aorta e grandes ramos,principal,parcial_ou_a_conferir,Ascending aorta,,Base da aorta disponível; dilatação correspondente ao seio não individualizada.,nao_concluida_individualmente,Delimitar ou segmentar a geometria existente e conferir com as figuras docentes.
79,79,Seio da aorta posterior (não coronário),roteiro,3,Aorta e grandes ramos,principal,parcial_ou_a_conferir,Ascending aorta,,Base da aorta disponível; dilatação correspondente ao seio não individualizada.,nao_concluida_individualmente,Delimitar ou segmentar a geometria existente e conferir com as figuras docentes.
80,80,Óstio da artéria coronária direita,roteiro,3,Aorta e grandes ramos,principal,parcial_ou_a_conferir,Ascending aorta; Right coronary artery,,Origem dos vasos é indicativa; conexão luminal e óstio não conferidos.,nao_concluida_individualmente,Delimitar ou segmentar a geometria existente e conferir com as figuras docentes.
81,81,Artéria coronária direita,roteiro,3,Aorta e grandes ramos,principal,geometria_disponivel,Right coronary artery,FMA3802,,nao_concluida_individualmente,"Reaproveitar, conferir forma/posição e traduzir a identificação."
82,82,Óstio da artéria coronária esquerda,roteiro,3,Aorta e grandes ramos,principal,parcial_ou_a_conferir,Ascending aorta; Left coronary artery,,Origem dos vasos é indicativa; conexão luminal e óstio não conferidos.,nao_concluida_individualmente,Delimitar ou segmentar a geometria existente e conferir com as figuras docentes.
83,83,Artéria coronária esquerda,roteiro,3,Aorta e grandes ramos,principal,geometria_disponivel,Left coronary artery,FMA3855,,nao_concluida_individualmente,"Reaproveitar, conferir forma/posição e traduzir a identificação."
84,84,Arco da aorta,roteiro,3,Aorta e grandes ramos,principal,geometria_disponivel,,FMA3768,,nao_concluida_individualmente,"Reaproveitar, conferir forma/posição e traduzir a identificação."
85,85,Tronco braquiocefálico,roteiro,3,Aorta e grandes ramos,principal,geometria_disponivel,Brachiocephalic trunk,,,nao_concluida_individualmente,"Reaproveitar, conferir forma/posição e traduzir a identificação."
86,86,Artéria carótida comum direita,roteiro,3,Aorta e grandes ramos,principal,geometria_disponivel,Right common carotid artery,FMA3941,,nao_concluida_individualmente,"Reaproveitar, conferir forma/posição e traduzir a identificação."
87,87,Artéria subclávia direita,roteiro,3,Aorta e grandes ramos,principal,geometria_disponivel,Right subclavian artery,FMA3953,,nao_concluida_individualmente,"Reaproveitar, conferir forma/posição e traduzir a identificação."
88,88,Artéria carótida comum esquerda,roteiro,3,Aorta e grandes ramos,principal,geometria_disponivel,Left common carotid artery,FMA4058,,nao_concluida_individualmente,"Reaproveitar, conferir forma/posição e traduzir a identificação."
89,89,Artéria subclávia esquerda,roteiro,3,Aorta e grandes ramos,principal,geometria_disponivel,Left subclavian artery,FMA4694,,nao_concluida_individualmente,"Reaproveitar, conferir forma/posição e traduzir a identificação."
90,90,Artéria carótida interna,roteiro,4,Aorta e grandes ramos,principal,geometria_disponivel,Internal carotid artery.l; Internal carotid artery.r,,,nao_concluida_individualmente,"Reaproveitar, conferir forma/posição e traduzir a identificação."
91,91,Artéria carótida externa,roteiro,4,Aorta e grandes ramos,principal,geometria_disponivel,External carotid artery.l; External carotid artery.r,,,nao_concluida_individualmente,"Reaproveitar, conferir forma/posição e traduzir a identificação."
92,92,Aorta descendente torácica,roteiro,4,Aorta e grandes ramos,principal,geometria_disponivel,Thoracic aorta,FMA87217,,nao_concluida_individualmente,"Reaproveitar, conferir forma/posição e traduzir a identificação."
93,93,Aorta descendente abdominal,roteiro,4,Aorta e grandes ramos,principal,geometria_disponivel,Abdominal aorta,FMA3789,,nao_concluida_individualmente,"Reaproveitar, conferir forma/posição e traduzir a identificação."
94,94,Ramo do nó sinoatrial,roteiro,4,Artérias coronárias e ramos,principal,nao_localizado,,,Artéria do nó sinoatrial não identificada nos ramos disponíveis.,nao_concluida_individualmente,"Buscar referência dirigida; construir apenas quando forma, percurso e relações estiverem sustentados."
95,95,Ramos atriais direitos,roteiro,4,Artérias coronárias e ramos,principal,nao_localizado,,,Ramos atriais direitos não identificados individualmente.,nao_concluida_individualmente,"Buscar referência dirigida; construir apenas quando forma, percurso e relações estiverem sustentados."
96,96,Ramo do cone arterial da coronária direita,roteiro,4,Artérias coronárias e ramos,principal,geometria_disponivel,,FMA3807,,nao_concluida_individualmente,"Reaproveitar, conferir forma/posição e traduzir a identificação."
97,97,Ramo ventricular anterior direito,roteiro,4,Artérias coronárias e ramos,principal,geometria_disponivel,,FMA3813,,nao_concluida_individualmente,"Reaproveitar, conferir forma/posição e traduzir a identificação."
98,98,Ramo marginal direito,roteiro,4,Artérias coronárias e ramos,principal,geometria_disponivel,,FMA3818,,nao_concluida_individualmente,"Reaproveitar, conferir forma/posição e traduzir a identificação."
99,99,Ramo do nó atrioventricular,roteiro,4,Artérias coronárias e ramos,principal,nao_localizado,,,Artéria do nó atrioventricular não identificada nos ramos disponíveis.,nao_concluida_individualmente,"Buscar referência dirigida; construir apenas quando forma, percurso e relações estiverem sustentados."
100,100,Ramo interventricular posterior,roteiro,4,Artérias coronárias e ramos,principal,geometria_disponivel,,FMA3840,,nao_concluida_individualmente,"Reaproveitar, conferir forma/posição e traduzir a identificação."
101,101,Ramos interventriculares septais da coronária direita,roteiro,4,Artérias coronárias e ramos,principal,geometria_disponivel,,FMA3845,,nao_concluida_individualmente,"Reaproveitar, conferir forma/posição e traduzir a identificação."
102,102,Ramo póstero-lateral direito,roteiro,4,Artérias coronárias e ramos,principal,geometria_disponivel,Right inferolateral branch of right coronary artery,FMA3835,Equivalência terminológica inferior/posterior ou inferolateral/póstero-lateral precisa permanecer documentada.,nao_concluida_individualmente,"Reaproveitar, conferir forma/posição e traduzir a identificação."
103,103,Ramo interventricular anterior,roteiro,4,Artérias coronárias e ramos,principal,geometria_disponivel,Anterior interventricular artery,FMA74912,,nao_concluida_individualmente,"Reaproveitar, conferir forma/posição e traduzir a identificação."
103a,103,Ramo do cone arterial do ramo interventricular anterior,roteiro,4,Artérias coronárias e ramos,principal,geometria_disponivel,,FMA3868,,nao_concluida_individualmente,"Reaproveitar, conferir forma/posição e traduzir a identificação."
103b,103,Ramos interventriculares septais do ramo interventricular anterior,roteiro,4,Artérias coronárias e ramos,principal,geometria_disponivel,Septal branches of anterior interventricular artery,FMA3892,,nao_concluida_individualmente,"Reaproveitar, conferir forma/posição e traduzir a identificação."
103c,103,Ramo lateral (diagonal) do ramo interventricular anterior,roteiro,4,Artérias coronárias e ramos,principal,geometria_disponivel,,FMA3860,,nao_concluida_individualmente,"Reaproveitar, conferir forma/posição e traduzir a identificação."
104,104,Ramo circunflexo,roteiro,4,Artérias coronárias e ramos,principal,geometria_disponivel,Circumflex artery of heart,FMA3895,,nao_concluida_individualmente,"Reaproveitar, conferir forma/posição e traduzir a identificação."
104a,104,Ramos atriais esquerdos,roteiro,4,Artérias coronárias e ramos,principal,nao_localizado,,,Ramos atriais esquerdos não identificados individualmente.,nao_concluida_individualmente,"Buscar referência dirigida; construir apenas quando forma, percurso e relações estiverem sustentados."
104b,104,Ramo lateral (diagonal) do ramo circunflexo,roteiro,4,Artérias coronárias e ramos,principal,parcial_ou_a_conferir,Circumflex artery of heart,,Ramo lateral da circunflexa não está individualmente nomeado; conferir nomenclatura do roteiro.,nao_concluida_individualmente,Delimitar ou segmentar a geometria existente e conferir com as figuras docentes.
104c,104,Ramo marginal esquerdo,roteiro,4,Artérias coronárias e ramos,principal,parcial_ou_a_conferir,Circumflex artery of heart,,Ramo marginal pode estar incorporado à circunflexa; não individualmente identificado.,nao_concluida_individualmente,Delimitar ou segmentar a geometria existente e conferir com as figuras docentes.
104d,104,Ramo posterior do ventrículo esquerdo,roteiro,4,Artérias coronárias e ramos,principal,parcial_ou_a_conferir,Circumflex artery of heart,,Ramo posterior pode estar incorporado à circunflexa; não individualmente identificado.,nao_concluida_individualmente,Delimitar ou segmentar a geometria existente e conferir com as figuras docentes.
105,105,Veia interventricular anterior,roteiro,4,Veias cardíacas,principal,geometria_disponivel,,FMA66403,,nao_concluida_individualmente,"Reaproveitar, conferir forma/posição e traduzir a identificação."
106,106,Veia cardíaca magna,roteiro,4,Veias cardíacas,principal,geometria_disponivel,Great cardiac vein,FMA4707,,nao_concluida_individualmente,"Reaproveitar, conferir forma/posição e traduzir a identificação."
107,107,Veia oblíqua do átrio esquerdo,roteiro,4,Veias cardíacas,principal,nao_localizado,,,Veia oblíqua do AE não identificada; objeto sem nome confiável não foi creditado.,nao_concluida_individualmente,"Buscar referência dirigida; construir apenas quando forma, percurso e relações estiverem sustentados."
109,109,Veia marginal esquerda,roteiro,4,Veias cardíacas,principal,geometria_disponivel,,FMA4708,,nao_concluida_individualmente,"Reaproveitar, conferir forma/posição e traduzir a identificação."
110,110,Veia posterior do ventrículo esquerdo,roteiro,4,Veias cardíacas,principal,geometria_disponivel,Inferior vein of left ventricle (//Posterior ''),FMA4712,Equivalência terminológica inferior/posterior ou inferolateral/póstero-lateral precisa permanecer documentada.,nao_concluida_individualmente,"Reaproveitar, conferir forma/posição e traduzir a identificação."
111,111,Veia interventricular posterior (cardíaca média),roteiro,4,Veias cardíacas,principal,geometria_disponivel,Middle cardiac vein,FMA4713,,nao_concluida_individualmente,"Reaproveitar, conferir forma/posição e traduzir a identificação."
112,112,Veia marginal direita,roteiro,4,Veias cardíacas,principal,geometria_disponivel,,FMA4716,,nao_concluida_individualmente,"Reaproveitar, conferir forma/posição e traduzir a identificação."
113,113,Veia cardíaca parva,roteiro,4,Veias cardíacas,principal,geometria_disponivel,,FMA4714,,nao_concluida_individualmente,"Reaproveitar, conferir forma/posição e traduzir a identificação."
114,114,Veias anteriores do ventrículo direito,roteiro,4,Veias cardíacas,principal,geometria_disponivel,,FMA76767,,nao_concluida_individualmente,"Reaproveitar, conferir forma/posição e traduzir a identificação."
115,115,Artéria pericardicofrênica,roteiro,4,Vasos e nervos do pericárdio,principal,nao_localizado,,,"Artéria pericardicofrênica aparece em descrição, sem geometria correspondente localizada.",nao_concluida_individualmente,"Buscar referência dirigida; construir apenas quando forma, percurso e relações estiverem sustentados."
116,116,Artéria musculofrênica,roteiro,4,Vasos e nervos do pericárdio,principal,geometria_disponivel,Musculophrenic artery.l; Musculophrenic artery.r,FMA10645,,nao_concluida_individualmente,"Reaproveitar, conferir forma/posição e traduzir a identificação."
117,117,Artéria bronquial,roteiro,4,Vasos e nervos do pericárdio,principal,geometria_disponivel,,FMA68109,,nao_concluida_individualmente,"Reaproveitar, conferir forma/posição e traduzir a identificação."
118,118,Artéria esofágica,roteiro,4,Vasos e nervos do pericárdio,principal,geometria_disponivel,,FMA4149,,nao_concluida_individualmente,"Reaproveitar, conferir forma/posição e traduzir a identificação."
119,119,Artéria frênica superior,roteiro,4,Vasos e nervos do pericárdio,principal,geometria_disponivel,Superior phrenic arteries,,,nao_concluida_individualmente,"Reaproveitar, conferir forma/posição e traduzir a identificação."
121,121,Veias pericardicofrênicas,roteiro,5,Vasos e nervos do pericárdio,principal,nao_localizado,,,Veias pericardicofrênicas não localizadas.,nao_concluida_individualmente,"Buscar referência dirigida; construir apenas quando forma, percurso e relações estiverem sustentados."
122a,122,Sistema ázigos: veia ázigos,roteiro,5,Vasos e nervos do pericárdio,principal,geometria_disponivel,Azygos vein,FMA4838,,nao_concluida_individualmente,"Reaproveitar, conferir forma/posição e traduzir a identificação."
122b,122,Sistema ázigos: veia hemiázigos,roteiro,5,Vasos e nervos do pericárdio,principal,geometria_disponivel,Hemi-azygos vein,FMA4944,,nao_concluida_individualmente,"Reaproveitar, conferir forma/posição e traduzir a identificação."
122c,122,Sistema ázigos: veia hemiázigos acessória,roteiro,5,Vasos e nervos do pericárdio,principal,geometria_disponivel,Accessory hemi-azygos vein,FMA5011,,nao_concluida_individualmente,"Reaproveitar, conferir forma/posição e traduzir a identificação."
123,123,Nervo vago,roteiro,5,Vasos e nervos do pericárdio,principal,geometria_disponivel,Vagus nerve (X).l; Vagus nerve (X).r,,,nao_concluida_individualmente,"Reaproveitar, conferir forma/posição e traduzir a identificação."
124,124,Nervo frênico,roteiro,5,Vasos e nervos do pericárdio,principal,nao_localizado,,,Nervo frênico não localizado como geometria; nervo subclávio e vago não são equivalentes.,nao_concluida_individualmente,"Buscar referência dirigida; construir apenas quando forma, percurso e relações estiverem sustentados."
125,125,Troncos simpáticos,roteiro,5,Vasos e nervos do pericárdio,principal,geometria_disponivel,Sympathetic trunk.l; Sympathetic trunk.r,,,nao_concluida_individualmente,"Reaproveitar, conferir forma/posição e traduzir a identificação."
C15,,Veia pulmonar direita inferior,coracao,15,Detalhes adicionais dos slides,complemento_docente,geometria_disponivel,Right inferior pulmonary vein,FMA49911,,nao_concluida_individualmente,"Reaproveitar, conferir forma/posição e traduzir a identificação."
C21,,Músculos pectíneos da aurícula esquerda,coracao,38,Detalhes adicionais dos slides,complemento_docente,nao_localizado,,,Não foi localizada geometria correspondente no acervo examinado.,nao_concluida_individualmente,"Buscar referência dirigida; construir apenas quando forma, percurso e relações estiverem sustentados."
C41,,Vestíbulo da aorta,coracao,41,Detalhes adicionais dos slides,complemento_docente,parcial_ou_a_conferir,Left ventricle,,Trato de saída exige segmentação e identificação do vestíbulo.,nao_concluida_individualmente,Delimitar ou segmentar a geometria existente e conferir com as figuras docentes.
C45a,,Seio pulmonar anterior,coracao,45,Detalhes adicionais dos slides,complemento_docente,parcial_ou_a_conferir,Pulmonary trunk,,Raiz do tronco presente; seio pulmonar não individualizado.,nao_concluida_individualmente,Delimitar ou segmentar a geometria existente e conferir com as figuras docentes.
C45b,,Seio pulmonar direito,coracao,45,Detalhes adicionais dos slides,complemento_docente,parcial_ou_a_conferir,Pulmonary trunk,,Raiz do tronco presente; seio pulmonar não individualizado.,nao_concluida_individualmente,Delimitar ou segmentar a geometria existente e conferir com as figuras docentes.
C45c,,Seio pulmonar esquerdo,coracao,45,Detalhes adicionais dos slides,complemento_docente,parcial_ou_a_conferir,Pulmonary trunk,,Raiz do tronco presente; seio pulmonar não individualizado.,nao_concluida_individualmente,Delimitar ou segmentar a geometria existente e conferir com as figuras docentes.
C47,,Parte membranácea do septo interventricular,coracao,47,Detalhes adicionais dos slides,complemento_docente,parcial_ou_a_conferir,Right ventricle; Left ventricle,,Parede septal disponível; porção membranácea não individualizada.,nao_concluida_individualmente,Delimitar ou segmentar a geometria existente e conferir com as figuras docentes.
C61a,,Plexo cardíaco superficial,coracao,61,Detalhes adicionais dos slides,complemento_docente,nao_localizado,,,"Categoria de inervação/condução existe, mas sem geometria para este componente.",nao_concluida_individualmente,Criar representação didática localizada nos marcos anatômicos; distinguir vias esquemáticas de tecido visível.
C61b,,Plexo cardíaco profundo,coracao,61,Detalhes adicionais dos slides,complemento_docente,nao_localizado,,,"Categoria de inervação/condução existe, mas sem geometria para este componente.",nao_concluida_individualmente,Criar representação didática localizada nos marcos anatômicos; distinguir vias esquemáticas de tecido visível.
C66a,,Nó sinoatrial,coracao,66,Detalhes adicionais dos slides,complemento_docente,nao_localizado,,,"Categoria de inervação/condução existe, mas sem geometria para este componente.",nao_concluida_individualmente,Criar representação didática localizada nos marcos anatômicos; distinguir vias esquemáticas de tecido visível.
C66b,,Nó atrioventricular,coracao,66,Detalhes adicionais dos slides,complemento_docente,nao_localizado,,,"Categoria de inervação/condução existe, mas sem geometria para este componente.",nao_concluida_individualmente,Criar representação didática localizada nos marcos anatômicos; distinguir vias esquemáticas de tecido visível.
C66c,,Fascículo atrioventricular (His),coracao,66,Detalhes adicionais dos slides,complemento_docente,nao_localizado,,,"Categoria de inervação/condução existe, mas sem geometria para este componente.",nao_concluida_individualmente,Criar representação didática localizada nos marcos anatômicos; distinguir vias esquemáticas de tecido visível.
C66d,,Ramo direito do fascículo atrioventricular,coracao,66,Detalhes adicionais dos slides,complemento_docente,nao_localizado,,,"Categoria de inervação/condução existe, mas sem geometria para este componente.",nao_concluida_individualmente,Criar representação didática localizada nos marcos anatômicos; distinguir vias esquemáticas de tecido visível.
C66e,,Ramo esquerdo do fascículo atrioventricular,coracao,66,Detalhes adicionais dos slides,complemento_docente,nao_localizado,,,"Categoria de inervação/condução existe, mas sem geometria para este componente.",nao_concluida_individualmente,Criar representação didática localizada nos marcos anatômicos; distinguir vias esquemáticas de tecido visível.
C66f,,Fibras de Purkinje,coracao,66,Detalhes adicionais dos slides,complemento_docente,nao_localizado,,,"Categoria de inervação/condução existe, mas sem geometria para este componente.",nao_concluida_individualmente,Criar representação didática localizada nos marcos anatômicos; distinguir vias esquemáticas de tecido visível.
V36,,Veias cardíacas mínimas,vasos,36,Detalhes adicionais dos slides,complemento_docente,nao_localizado,,,Não foi localizada geometria correspondente no acervo examinado.,nao_concluida_individualmente,"Buscar referência dirigida; construir apenas quando forma, percurso e relações estiverem sustentados."
V42a,,Plexo linfático superficial (subepicárdico),vasos,42,Detalhes adicionais dos slides,complemento_docente,nao_localizado,,,Não foi localizada geometria correspondente no acervo examinado.,nao_concluida_individualmente,"Buscar referência dirigida; construir apenas quando forma, percurso e relações estiverem sustentados."
V42b,,Plexo linfático profundo (subendocárdico),vasos,42,Detalhes adicionais dos slides,complemento_docente,nao_localizado,,,Não foi localizada geometria correspondente no acervo examinado.,nao_concluida_individualmente,"Buscar referência dirigida; construir apenas quando forma, percurso e relações estiverem sustentados."
V42c,,Linfonodos traqueobronquiais inferiores,vasos,42,Detalhes adicionais dos slides,complemento_docente,geometria_disponivel,Inferior tracheobronchial nodes,,,nao_concluida_individualmente,"Reaproveitar, conferir forma/posição e traduzir a identificação."
V42d,,Linfonodos paratraqueais,vasos,42,Detalhes adicionais dos slides,complemento_docente,geometria_disponivel,Paratracheal cervical nodes; Paratracheal thoracic nodes,,,nao_concluida_individualmente,"Reaproveitar, conferir forma/posição e traduzir a identificação."
V42e,,Ducto linfático direito,vasos,42,Detalhes adicionais dos slides,complemento_docente,nao_localizado,,,Não foi localizada geometria correspondente no acervo examinado.,nao_concluida_individualmente,"Buscar referência dirigida; construir apenas quando forma, percurso e relações estiverem sustentados."
V42f,,Ducto torácico,vasos,42,Detalhes adicionais dos slides,complemento_docente,nao_localizado,,,Não foi localizada geometria correspondente no acervo examinado.,nao_concluida_individualmente,"Buscar referência dirigida; construir apenas quando forma, percurso e relações estiverem sustentados."
